"section","prompt","answer","evidence_or_limit"
"Header","ID/title; asset/report links; audience/goal; target or baseline-building; reviewer; actual release anchor; outcome window start/end/time zone; decision date","","Note staggered asset windows"
"Produce","Source opens; required content intelligible; repairs logged","","Status; playback check link and full/sampled scope"
"Package","Source meaning; accurate promise; usable captions/transcript; permitted use","","Status; final-version check and restrictions"
"Publish","Actual live destinations; correct version; playback/access; CTA","","Status; URLs and actual release times; missing assets"
"Prove","Evidence answers goal; availability and baseline explicit","","Status; reports or missing-data reason"
"Preserve","Teammate can find/open source, finals and transcript with context/restrictions","","Status; inventory/retrieval check; candidate versus actual reuse"
"Evidence 1","Primary goal measure/observation plus source/asset","","Value/unit or unavailable reason; target/baseline; meaning/limit"
"Evidence 2","Diagnostic measure/observation plus source/asset","","Value/unit; rate numerator/denominator; coverage/alternative explanation"
"Evidence 3 optional","Delete unless decision-relevant; measure/observation plus source/asset","","Comparable window or labeled difference; meaning/limit"
"Decision","Repeat/improve/stop/defer specific practice; evidence/uncertainty; next action and completion check; one owner; due/next-review dates","","One owned action"
"Instructions","Check status: verified / needs attention / not checked / not applicable","","Use two or three goal-relevant evidence rows; share header window"
"Timing","Pre-release QA; actual-release access/link verification; chosen outcome window; preserve now and recheck later reuse","","No universal review duration"
"Limits","Unknown is not zero; clicks are not inquiries; downloads are not listeners; do not sum platforms into unique reach","","Compatible rate cohorts; authorized evidence access; not a full legal/accessibility review"
"Guide","Proposed Riggg adaptation; not a numerical grade","https://index.riggg.com/patterns/prove/session-performance-scorecard/",""
